day,PoolExpr#1,PoolExpr#2,PoolExpr#3,PoolExpr#4,PoolExpr#5,PoolExpr#6,PoolExpr#7,PoolExpr#8,PoolExpr#9,PoolExpr#10
0,0.003106840266823005,-0.004878355603304702,-0.005221373726105731,-0.0016897144614504665,0.0,0.0,-0.0030087340696215233,0.007297190786681238,-0.0015387770225276677,-0.0013400431542929987
1,-0.008374647274808484,0.0029020756831189543,-0.005248713301585285,0.0021873523436825608,0.0,0.0020633472809723804,0.009635465981019348,0.004537852280278413,0.006475716925156239,-0.0021352833431355052
2,-0.005130713639315436,-0.00018298251954981684,-0.0115078104367867,0.01204624623353462,0.0,-0.004058015223367666,-0.006226044962855932,0.008849747446336405,0.0002137272959820095,-0.009258941821287028
3,0.007136849514045434,-0.010450267951967712,0.008905996602190751,-0.004814610980284656,0.0,0.0019486507349701177,-0.006036449408388697,0.008100396418958721,0.0032637508362709034,0.005047632910038453
4,0.005947278025463622,-0.00323294373431142,0.008847042417394528,-0.009941821030806337,0.0,-0.0017646695497804655,-0.0069662121007372825,0.004770189771817839,-0.005705819997133076,0.009886254005737605
5,-0.01645356186529128,0.011543110274762567,0.008010535634228905,0.003074776214353171,0.0,0.005298403574126645,0.020967044393610124,-0.009763908552278659,0.0023401224804330176,-0.0026838316782962675
6,-0.00179750489341763,0.0018055279953563385,-0.0034228891110803464,-0.002806072993341544,2.754237112469871e-06,-0.001751045486604113,0.0050486452080136315,-0.008171906355455389,-0.0026431824731002,0.004120882942269919
7,-0.005460933576963066,0.006374623830597125,-0.014643122763941373,0.009962029542855622,0.00576459820726884,0.0024459164434764012,0.00959184487551477,-0.009242156473286087,0.0013921958233143548,-0.008269456425008776
8,0.005886145340220529,-0.0067385850046118665,0.001592650246706166,-0.010499019674945317,0.0,-0.0004267333967821121,0.00024584959729865305,-0.005366927279451456,0.004547019594655879,0.009206120922659367
9,-0.006977655257741024,0.0017043691138562667,-0.008552437142758837,-0.009015418771763936,0.0,0.0027310911490670544,-0.005445417286421924,0.00320836421587713,-0.006576990613057563,0.007958262025550382
10,-0.008949600464671218,-0.0018209212449519015,0.0009504807870436592,-0.00445020039950449,0.0,0.0019245190158408716,-0.0016587671344361942,-0.0014668020622884972,-0.002959932480806812,0.004509793756461447
11,0.0015764231842887583,0.00557934588668301,0.0017652451635949851,0.0026430317025769516,-0.005817521613752156,-0.002882913200677578,-0.010275602602760782,-0.007947056144470272,-0.00650770884484412,-0.0007923358107143553
12,0.004832442052040071,-0.003451498970852697,0.0011301158888818597,-0.0061092218214821555,0.00610697559219116,0.005348509293517289,-0.006596201245235775,-0.005741112758950768,-0.008218287290762995,0.005700051047474585
13,-0.005917865563833056,0.001851074405358267,-0.0029210952028192938,0.0050722057001801124,0.0,0.0004156748177514727,-5.988531758841848e-05,-0.002881294301735755,0.0036411547983030484,-0.006016947354214261
14,0.000577808103765169,5.417509418101309e-05,-0.0013462720135520659,0.005730480272446096,0.0,0.0006066540352039082,0.0006983370659435929,0.006839609762511242,0.00048375979522675776,-0.005440807980072405
15,-0.009206993494578092,-0.015234512942820234,-0.0016148777426331913,-0.002223197095730707,-6.19699354960477e-05,0.0,0.010207723783707441,-0.012690822145859282,-0.0011895067198100895,0.0032495832732163214
16,-0.0013618327860710892,0.005001173498734832,-0.004658908158065,-0.0010091921903314515,0.0,-0.0009046074777138052,-0.0003287435824510716,0.0016922227572047982,-0.00042038938455372606,0.0017715020639246497
17,-0.0012975377298800855,-0.001009087660252055,0.004032297887875236,0.000588071562391923,0.0,0.0008859760476625458,-0.0020920406020516345,-0.00028003173075195507,0.0042559841435384355,0.0014898174091008776
18,-0.000641302780251393,0.008622662598131233,0.004684864855723701,0.007083479882975968,-0.002143878652833715,0.0,0.010485502027016778,-0.002320681549196912,-0.010806910368084238,-0.007284455133910214
19,-0.0008346227120169683,0.003087535030074497,0.004146230652672821,0.0059356397235466735,0.001502585482997077,0.0,0.0007004159247685066,0.006329803215711068,0.0020984234478499497,-0.006822106652899873
20,0.007735803909826393,0.00015866403154805517,-0.0005711755915181948,-0.003949118646031745,0.0,0.0034347788103816115,0.004640425237987209,-0.007924242893283851,-0.0022725203473074316,0.0050004939185670375
21,0.0027451843807077573,-0.0014506858375697342,-0.0039288167912803,0.0009855047384651169,0.0,0.00478507907051157,-0.015134844444302235,0.0120200104235545,-0.004970193863134771,-0.0032434822068268605
22,-0.0029738316489038743,-0.003983821623039193,0.0016727545067088535,-0.00485501185664956,0.0018857234041868946,0.0,0.004595449118397212,0.005645070372905133,-0.006044907001448348,0.005086637275303294
23,0.004140754987440267,0.005732946000292724,-4.120850886353729e-05,0.004275759191235962,0.0,0.0,0.002633320900605122,0.0061148307368225395,0.0018709413923639374,-0.005931654818516695
24,-0.003289604646638869,0.00047861230348854853,0.005576862432299289,-0.0023977698627396654,0.0,0.0,-0.005525629477251709,-0.0007243953717923875,0.0037770987688047473,0.002548902153792208
25,0.0010931977190866598,-0.0019026073761836072,0.00023073025458398988,0.0023042856006616178,0.0,0.00027538944371639193,0.0014593544251991781,0.0035704814044454245,0.0015510679681226282,-0.0030352592782890856
26,-0.0004942908103055513,0.00014406235098151016,-0.003969049504370286,-0.0020495056858783377,-0.0021323869656751007,-0.0027091119539343596,0.005900055010175815,0.0030372632322425933,-0.0036470518117950744,0.0013628790689013813
27,-2.2070215203338897e-05,-0.003403849094337473,-0.0015280501625950884,-0.007990191655858191,0.0,0.0,-0.0021302923503540416,0.003023040853282772,-0.00695896061193015,0.008459363973076934
28,0.005551275258721689,-0.002587121081611575,0.0005062330957448991,0.004885343264293115,0.0,-0.0015515412540118433,-0.007906664628479517,0.0018376443336524267,-0.0022874443703099897,-0.0049057663936823166
29,-0.0011730028036741845,-0.0006267517108001456,-0.0009241929105852151,-0.0046999266661136635,0.0,1.9148912518863342e-07,-0.0008577266426344388,0.004353430952281218,-0.00037782490674800775,0.005428820477570678
30,-0.0007126526802531746,-0.004514214982294803,5.950195422306821e-05,-0.002533237442099076,0.0,-0.00046160629105625574,0.0020427596768334937,0.00037275606413510664,-0.0038488796875497753,0.001546723412183502
31,0.006552236102843763,0.003977245682117688,0.0007131063041250556,-0.007279771477142726,0.0,0.0018355668203378019,-0.0037743755096749073,0.005818747358059424,-0.001199053408519355,0.006706993308661734
32,8.730279496553766e-05,0.007208854988375856,-0.0171460238125923,0.0019996877857261742,-0.0009727055432891924,-0.002294376487682102,0.005707903620119645,0.001316477574864924,0.002272932379916385,-0.0038343212209301404
33,-0.0032506617943975917,-0.002424710943128045,0.0016918734881315775,-0.0021214000876002494,0.0,0.0,-0.004073620847271255,-0.005673238873104756,-0.002129033179138512,0.003826791489044811
34,0.0009378755692445377,-0.0001688169568644615,-0.0011476742554605529,-0.004534570526443713,0.0,0.0,-0.0012156828724365816,-0.002215575330035301,-0.0046617218525866495,0.004629924410541942
35,0.00378619262745435,0.0026909851479996706,0.00796124277776551,0.005284076243248063,0.0,0.0,0.007199664508976677,0.004344632501414414,-0.002975271317506753,-0.005617223894529894
36,1.0555340630168504e-05,-0.005038198955516949,0.0017009238409074175,0.0014366284257149894,0.0,-0.000532139340815858,0.0066547719783957215,-0.0027926151986509963,0.000700054483803225,0.00036225390401585267
37,-0.0007846008816080255,-0.0011863336498406187,0.0028708467711729027,0.0025469444922726994,0.0,0.0,-0.0001065357734653571,0.009422171795855486,-0.0005575517772957149,-0.0019937690610643388
38,0.004622546459130345,-0.0006382466788558235,0.0028603155601856353,-0.00791581178951953,0.0,0.0,-0.0033560895765210735,0.0030442536928894253,-0.0021938044836877905,0.008263015308536587
39,0.0010901145590595518,0.00035008585487267886,0.004036525421487309,-0.0061213611902024975,0.0,0.0,0.0014436520542577,0.004830984041866273,0.00042710846206151903,0.005746427313978059
40,0.0017300739970810414,-0.007012487228968309,0.002735223415115673,0.0004902577069151295,0.0,-5.5966939610244644e-05,-0.007650389771248867,0.004143607927151151,0.0012746219699295977,-0.0009714499967990249
41,-0.0004440079745166148,0.0008136193901724748,0.0007240819954151378,0.002802371000005641,0.0,0.0,-0.0029017928129116315,-0.0031204846828292274,-0.00731175477820447,-0.004147845785735269
42,-0.0005582156658602239,-0.0014889235584478859,-0.0003534685184931062,0.009350847678996148,0.0,0.0,9.997983843414127e-05,0.0006621358025621356,-6.04734479308155e-05,-0.009322188465602853
43,0.004874707810440576,-0.001628194953995689,0.0026046220757278225,-0.003014331086812359,0.0,0.0,-0.004251564310917384,0.007016739250269135,-0.006592959562247799,0.0039708284033151435
44,-0.0017699772571775018,-0.0027336038478869224,0.0018452069296447722,0.0035236649280951243,0.0,0.0,0.0003124537849431843,0.002706812062235522,0.0008745429517626498,-0.004829035593480927
45,-0.007574149421965956,-0.00023128423885427317,-0.005612042676978855,0.013719622900477126,0.0,0.0,-0.00014750599284067516,-0.005340660316142061,-0.0005627504890788047,-0.015708774030446127
46,0.0005085998162745638,-0.004260668847169264,-0.006029978503444657,0.0010987769599792815,0.0,0.0,0.00302379703727923,0.0021237467685272004,0.003787903569453989,0.0021077281886313997
47,-0.001251524892162652,0.0012248308981482174,0.00043605610446009974,-0.009241327570506408,0.0,0.0,-0.001488226150396867,0.0038390778799033513,0.0016538879830869037,0.009380326683231691
48,0.004420552569982022,0.0017631862101194328,-0.0014559083525516401,-0.007007350961269677,0.0,0.0,0.002112735815839059,-0.0014221667443743704,0.0020458810122682236,0.006835527289646629
49,0.0014056888833125592,0.0029307546684120165,0.0015319622253834508,-0.003087701419399797,0.0,0.0,0.00467723889347238,-0.00018260093778891048,0.006015419228132618,0.004477890285115005
50,0.0028582506443867147,-0.001446671808032943,-0.0017728260195729035,0.0037215261315075195,0.0,-0.00034663208316034475,-0.0015004402617793673,0.011698396979149952,-0.0026139788607901977,-0.0008861712077973538
51,-0.007533637616614643,-0.0008849438523772235,0.00317764721667591,0.003938132701965321,0.0,-0.0012410344650602828,0.00015307353967575988,0.0013355435321301592,0.0008321452100963911,-0.0044002602194069766
52,-0.00041477542859540476,-0.0070366571210486815,-0.0008594836720534362,-0.00536249143239234,0.0,0.0,0.0070876391181230155,0.004726570294799955,-0.00015315562597015153,0.006471882356750266
53,0.004988439664964425,0.004898311581382101,-0.0034856330454862117,0.0013438661117359401,0.0023538522261126807,0.0,0.003475131427092983,-0.0006588361533865216,-0.001491588756550323,-0.0004991685241747039
54,0.0030743838290281946,-0.00027313005334132507,-0.000953491140281402,9.237972425521181e-05,-0.0025697876500044856,0.001191107289843551,0.0024086154246845586,0.004778324281055955,-0.010272206382280475,-0.0009599624567848827
55,0.0009558973284958749,0.001970830132547424,0.00026304641367078184,-0.001971432218620531,0.0,0.0006094971953012925,0.0008260979922474595,-0.004245188497408028,0.0018778142708956828,0.002505479870453346
56,0.00370977429233307,-0.0018861706092769158,-0.0012655183254415895,0.0004050323945576815,0.0,0.0014551467074503364,0.00018676861755657112,0.006436143928048406,0.008042764727535434,0.00016473667259817384
57,-0.002896841162395115,0.0008351015142846238,0.011101683496234718,-0.0019464307105316965,0.0,0.0,0.000355738754698792,-0.00302971971774212,-0.0027178567914442975,0.0009554011762631285
58,-0.0036588326710714787,-1.2234532127449678e-05,-0.00017778730412971783,0.0012925424913640075,0.0,0.0,0.0001679590600723231,-0.0028331996057775854,0.00010642906686210057,-0.0006430957858863226
59,-0.0030670254886460413,0.001132895552631674,-0.00428502953964977,-0.005112007311518797,0.0,0.0,-0.0010040794020811294,0.0018282060253939543,-0.001918996092016897,0.005833723432482904
60,0.019514395673986495,0.0014571447722569572,-0.0003982903031834655,0.08627821835349422,0.0,0.0,-0.003794179745152778,0.03341855453587068,6.845372896749238e-05,-0.0871049681674739
61,-0.004856128548955101,-0.0021074797883956996,0.005068563953583875,-0.006642749008298584,0.0,-0.001579495428365728,0.00527815921530864,0.011035373297438074,-0.0019574997510871123,0.003971814946331761
62,-0.004488019389980169,0.0523148673487309,-0.016383979551790523,-0.012317354322045684,0.0,0.0017916447058484543,-0.011946633663856138,0.033624822239851984,0.04676663646723442,0.013105475599541382
63,0.0037085256645178174,-0.0011453160142258672,0.0137811238124323,-0.006244962954652556,0.0019361865345389228,-0.0028893010315277448,0.006543105859786893,-0.00020534888622641604,0.0035151155339102425,0.00622518069287019
64,0.0007088320844293278,-0.002500673924276922,0.004142352122692714,-0.008579379167016992,0.0,0.0010347824536249969,-0.001188168832325355,0.010689803967625101,-0.007510609487486388,0.010909363033139701
65,-0.0013588378398668227,-0.0077093132644771006,0.006458737334778852,0.0006168422518456694,0.0,-0.0023996790335294215,0.00045701729018730956,0.01038159006073848,9.014518397448044e-05,-0.0004967638881469619
66,-0.0019845122382846333,-0.0003020259939607596,-0.0007433626627954075,4.14847459376922e-05,0.0,-0.0010344065924562846,0.0015792057974546038,0.002582763377705771,0.001795948511134727,-0.0010999449723583616
67,0.0017189235115668096,0.0,0.0,0.003540195249663739,0.0,0.0,0.0,0.0027966476026169427,0.0,-0.0021721498743014493
68,0.011117822414513522,-0.008507007760187337,0.0005382726017590522,0.0029314925637009487,0.0,0.0,0.004948669967975544,0.0011112767106903833,-0.008559518638766176,-0.0043312794748488325
69,-0.001255408906636996,-0.0006229533020554378,-0.0001810940282894068,-0.001682261466093811,0.0,0.0,0.0011784651367214719,-0.00024191679605918125,-0.00145004994655151,0.0015560917075002913
70,0.0044809580064755355,0.0015348302489581387,0.0002744526657205878,-0.002419426972127868,0.0,0.0,8.217506526980454e-05,0.0048527263426712125,0.0005014293645042515,0.0038614811755883606
71,0.000857857235753142,-0.001271570010594347,0.0028794734000193475,0.00029905747992005447,0.0,0.0,0.0009520489130812038,0.0012772329008963624,-0.002105613509341705,0.0004976970473863263
72,0.006072055918248522,0.0016663825419426738,-0.00041758937040344154,0.004609945991034553,0.0,0.0,-0.0006006264540697839,0.013253067035282421,-0.0013722905100960613,-0.005397502191991416
73,0.004233727183701542,0.001568387688227873,-0.00034998827097190645,0.0015253782288561692,0.0,0.0,-0.0005132375697708971,-0.0045865800215216515,0.0008009938294652812,-0.0017545173333213754
74,0.003345200909450145,0.0016952715015550813,-0.0005143141744853478,0.005219918540379165,0.0012663014055492193,0.0,0.001830046558301326,0.0008771958343150288,0.0015246905256569442,-0.0060062729908038565
75,-0.004361421693871997,0.0008996763646130027,1.6155488552887053e-05,-0.004600790522411399,0.0,0.0,0.0021778006997983323,0.0028716573328891534,-0.002315536311327772,0.004278443134916539
76,-0.005690799932069449,-0.0021278814443132003,0.0013988332413785909,0.0008925045003939183,0.0,0.0,1.1757505220613245e-05,0.0017131482508686113,0.0008716366957397084,-0.0016666212538398214
77,0.0004073203405038255,3.280260664951208e-05,6.0218636588961956e-05,-4.881402476963443e-05,0.0,0.0,-7.499529674917082e-05,-0.008275703803115559,8.46679312151229e-05,0.0009747210694264279
78,-0.0004677758732506386,-0.001678000239231474,0.003084907054445213,0.0034081334148217766,0.0,0.0,0.0021244053267992728,0.0005593958505734167,-0.0013858055309113127,-0.0022502775781267277
79,0.005713361420577919,-0.0016591393283960513,0.00401523368222796,-0.0148354867421657,0.0,0.0,0.0023497188260357517,0.0017918731250993357,5.277210803017611e-05,0.01387546511960435
80,0.0009933339419215409,-0.0012243570589049902,-0.0017537922140151564,-0.003415309029242474,0.0,0.0,-0.0012407821858545266,0.00071504536376682,0.001819361429126336,0.0017503272416981137
81,-0.004088520317645455,-0.0019616666310902768,0.0,0.006635700296116999,0.0,0.0,0.0022220319413685696,-0.00014840223245202893,-0.0013419436092327534,-0.007026318985884891
82,-0.0026039414912234966,0.00030681975060793985,0.0015529380740312159,-0.00813126151783113,0.0,-0.0005438487878856791,0.0012135580097932777,9.37985092198045e-05,-0.00018692254487186606,0.005645497739796302
83,-0.003220015695258192,0.002926391619639428,-3.137518037063573e-05,-0.0022815566152834545,0.0,0.0,-0.003510107758645028,-0.002512137439241492,-0.0022778071935352986,0.0021568359987950993
84,0.002726519395089765,-0.0004080348295773411,0.0,-0.0013050427832176142,0.0,0.0,-0.0004144856208001366,0.001698584328236618,0.00040677061949832675,0.002913454916730503
85,-0.000721019740149728,0.0014246932786626467,0.0003309905617031252,-0.0022616824263911044,0.0,0.0,-0.0011595322277650165,-0.0046575772049744606,0.0014453202221657666,0.0015654833853514416
86,0.0009641161050886855,0.0009637166594442379,0.0,-0.0012798757668197657,0.0,0.0,0.0018469758210728562,0.005439635018440537,0.0009705756509333157,0.0018579016442127954
87,0.0001966453252643254,0.0,0.0,0.005747842339466249,0.0,0.0,0.0,0.0006227277824889624,0.0,-0.005913984636192526
88,-0.0032786888182029677,0.0026299996136883884,-0.0005610789160548979,-0.004352461616498387,0.0,0.0,0.002432780828076702,0.0115444185642828,0.001931993692490931,0.004617241795185713
89,-0.003586034412205751,0.0,0.0,-0.0006702983521070317,0.0,0.0,0.0,0.0029482430584308636,0.0,0.0010070603244569142
90,-0.00033393459657837294,0.0,0.0,0.002176990430361251,0.0,0.0,0.0,0.006519089952735915,0.0,-0.0017638331077371693
91,0.0005592750017465535,0.0,0.0,0.006533964539021342,0.0,0.0,0.0,-0.0045110287534090915,0.0,-0.006141044974559128
92,0.0008726405270767901,0.0012598220905480607,-0.0010581949206732322,0.003277084941921212,0.0,0.0,-0.0016451176060513237,0.00358958847135978,0.0014184066794047058,-0.0043991313001307715
93,0.002445262326102243,0.001018919546708887,-0.00015584001159317116,0.002581717933699136,0.0,0.0,0.0010231971431262066,0.0028351057679545017,0.0008965712541670063,-0.002896933339231969
94,-0.002884837977829609,-0.0021260398018742377,0.0006001381590279953,0.0007162903782106319,0.0,0.0,-0.0020542237136077597,0.0007681696352902807,-0.002108618341179664,-0.0015236503618529804
95,-0.0007017866086721442,0.0012287425573476087,-0.00027024414903886344,-0.004323458794860816,0.0,0.0,-0.0012437936996825142,-0.0014159470720881105,-0.001161870331857097,0.003729283662398449
96,0.0017139109228882956,-0.00027050039361930036,-0.002445327736770487,0.006514475365315524,0.0,0.0,-0.0006999623359686585,0.005669231122112955,-0.0008494448039489538,-0.00703855140691587
97,-0.0004480493940450645,0.0,0.0,-0.002090358277079719,0.0,0.0,0.0,0.003051960217527718,0.0,0.0029503730462105936
98,0.00040185631680972594,0.0,0.0,0.0002919301681923799,0.0,0.0,0.0,-0.0006346194123453404,0.0,0.0006009158914487922
99,0.0027037100367439575,0.0,0.0,-0.001638979002087573,0.0,0.0,0.0,0.002590815770605613,0.0,0.0013783328596878258
100,0.0014797357744238643,0.0,0.0,0.0018614718038643568,0.0,0.0,0.0,0.0009786072176645197,0.0,-0.002051518697928393
101,-4.214901860581907e-05,-0.00039328515762071525,0.0,-0.0030944367765351703,0.0,0.0,-0.00035988989733015604,0.0005204744376288866,-0.00039328515762071525,0.002770241874412328
102,0.003109380326984261,0.0,0.0,0.003349613659168758,0.0,0.0,0.0,0.006216390791594561,0.0,-0.0029381242178970054
103,-0.0039590561481587854,-0.0012028647496197164,-0.0014297290911915615,0.0018499087278056523,0.0,0.0,0.0020685087228957716,-0.004011501193183892,-0.0012331863903197544,-0.0026579707155453994
104,1.921408229475178e-06,0.0,0.0,0.0034183117840040876,0.0,0.0,0.0,0.0007003968517270454,0.0,-0.0032682499999529113
105,-0.0017043875438354362,0.0,0.0,0.0005255251856685193,0.0,0.0,0.0,-0.0016286984630610533,0.0,-9.027319658760067e-06
106,0.001301809618409638,0.00017400593219066743,0.0,-0.00455712687855991,0.0,0.0,-0.00015919682278009144,-0.0022954741024882345,0.00015514889317003218,0.004609177706638374
107,8.157280474545644e-05,-0.0014390040474487242,-0.0010604426029376406,-0.003738313136265093,0.0,0.0,-6.980495812784034e-05,-0.0009034154117375094,-0.0010208232771189273,0.003994921989873839
108,0.00012466777341212643,0.0,0.0,-0.0043913379743285765,0.0,0.0,0.0,0.0007368146859267774,0.0,0.0035352487407067416
109,-0.002004940056140375,0.0,0.0,0.0029939741213187345,0.0,0.0,0.0,0.00010692058760130304,0.0,-0.0024601752233319963
110,0.003474065427576275,-0.0008115615744894722,0.0,-0.0037139631039973435,0.0,0.0,0.0008115615744894722,0.00487679519088617,-0.0008115615744894722,0.0031406133159557776
111,0.0020991459131654813,-0.0018151503442493393,0.001840657109798648,-0.003860752825787166,0.0,0.0,0.0018675532275275607,-0.00025663587277107607,-0.002022980690924439,0.0037981910963730352
112,-0.0014151732231123069,0.0031427183673688485,-0.0010516348716489167,-0.0012789134243941808,0.0,0.0,0.0033480192971411028,-0.0041263256790189965,0.00307265215015614,0.0013662267093222543
113,-9.722376069236865e-05,-0.0012017829296321447,0.0024457915068854226,0.003319144171112034,0.0,0.0,0.00032704916342279466,-0.001403504714709246,-0.0003658884235512162,-0.0026718222635478137
114,-0.0016461074048604407,0.0013060270984649631,-0.0005370308648121975,0.0029486363643072607,0.0,0.0,-0.001253650783030273,-0.0011580226541915047,-0.0013524305834251968,-0.0014597485690847883
115,0.0027438334764671593,0.0005379950028856668,-0.0014525273840520093,0.0014496937418782556,0.0,0.0,0.0019077257984120666,0.0029946141709077533,0.0034641142769090676,-0.0012440001807489855
116,0.001507266799281589,0.0,0.0,-0.0009993947238313944,0.0,0.0,3.76074161923665e-05,0.0032622556264034976,3.739475262022866e-05,0.0005510701573866511
117,0.002001960424544403,0.0,0.0,0.004408939704296873,0.0,0.0,0.0,-0.0008403705268339707,0.0,-0.004837390497802319
118,0.003664081719962832,0.0,0.0,-0.0038375021313645803,0.0,0.0,0.0,-0.0036353410861623336,0.0,0.0041594695102785606
119,0.0057577042336754685,0.0,0.0,0.004809703100082005,0.0,0.0,0.0,0.003628054278255835,0.0,-0.005309384692067897
120,0.0011268884075229186,0.0014423261913332017,0.0,0.002502767390734131,0.0,0.0,-0.0011731601041986425,-0.0033308919810951425,0.0015560715107018417,-0.0016640466906106246
121,-0.003303065475272693,0.0027752322343010355,-0.002675488485397948,0.0003996559857825766,0.0,0.0,-0.0011120385849782894,-0.0038851995502015763,0.0011770298369756646,-0.0001849996234524435
122,0.003893763555738186,0.001336406735332291,0.00030149973418037,0.0003443141365485075,0.0,0.0,-0.0019029473647144382,-0.0018687815139717865,-0.002027436304439447,0.00024727692222062544
123,0.0016359123853913855,0.0,0.0,0.0020920628818989063,0.0,0.0,0.0,0.0004281079790094067,0.0,-0.0020522653823494704
124,0.002857410203922946,-0.0008165490977994234,0.0,0.0028728968217185025,0.0,0.0,-0.0008331766830659347,-0.004227965145800134,-0.0005337203547590553,-0.003962945913194739
125,-0.0009848436427851905,0.0006795821991885723,-0.006406993984791304,0.002910093423102416,0.0,0.0,-0.0013566445334655592,0.0022966844090900208,-0.0014460098230917157,-0.0020633889499402616
126,0.004681195486980636,0.0010590942138015219,-0.0006117382670030543,-0.0008086655564608657,0.0,0.0001779590993549689,-0.0001779097750432438,-0.0004633245208402913,0.0013218357844920884,-0.00024342133591614376
127,0.004931733514044779,0.0,0.0,-0.0015438471632482113,0.0,0.0,0.0,0.0014372152347585016,0.0,0.001384402524143978
128,-0.0007616683028480158,-0.0028897954277308717,-0.0029404743686462613,0.0025655153592644277,0.0,0.0,-0.0017016238740097465,0.0015879500778898698,0.0038141219923728048,-0.0034086220035527658
129,1.056055040100668e-05,0.0,0.0,-0.003306359867477809,0.0,0.0,0.0,0.0026054059873172083,0.0,0.003501120521597807
130,0.000649619548870068,-0.0016038935171744063,0.0005701672539519032,-0.0034693154364887997,0.0,0.0,-0.001054717706055168,-0.0007194525821102908,-0.002017309042669651,0.0043003485449086
131,-0.0029108369705487555,-9.361539377702674e-05,-7.562366046058895e-05,-0.0001642749855331375,0.0,0.0,-0.0002582974644619525,-0.00017677949745843532,-0.0001438859380976717,-0.0006181694975223469
132,0.0004920719380388773,-0.0018816479376107227,0.0006672232814196641,-0.0018873155044117913,0.0,-0.00011754381464601953,-0.001247142026278889,0.004208770895788752,0.00047857444727103765,0.0024651018206929935
133,0.003910698516603887,-0.0024769695904627324,-0.0011358956550718026,-0.0007034985566331006,0.0,0.0,0.0017113808557099128,0.0009632257583470338,0.0017024784481709956,0.0010884171971669893
134,-0.005364963202678172,0.0007512022579451133,-0.0006241729447074781,-0.0004221744817861858,0.0,0.0,-0.0009410116010642178,0.0038957125084906614,-0.0007729855063786124,0.002990993484970576
135,0.0001841121982402718,-0.00046974241870949567,-0.0009146929110952818,-4.8126720258007865e-05,0.0,0.0004528372032142226,-3.9924227197989635e-05,0.006346380376116011,-0.0015872292729310058,-0.00036126745780606137
136,-0.0018966022436673184,0.0025446219910060844,-0.0014878726870641743,0.002750671513905969,0.0,0.0,0.0018258404450731975,-0.005853384118707254,0.0003914355544612887,-0.002388436547738267
137,-0.0015040171246544262,0.0036711389843899715,-0.002059068573702847,-0.0040577613808702685,0.0,0.0,-0.003992752563134934,-0.00787001488522487,-0.003549317674675996,0.0036238690229465098
138,-0.0023861766116497415,2.721230433855005e-05,-4.797102500982621e-05,0.000861389126094932,0.0,0.0,3.782509238033181e-05,0.010119644202817942,3.406195898888871e-05,0.0004953963324169215
139,-0.0021321209331937752,-0.00463003188664714,0.005481738096480728,0.008974864702022443,0.0,-0.0021025509240779924,0.0038989699128291547,-0.006823242147177896,-0.004593656209858843,-0.008340066803687447
140,0.009236588588643228,-0.00023550716061172868,-0.0027545227092205748,0.004028187427854604,0.0,0.0,0.00032002281841122284,0.00704636401129683,0.0025795027683261054,-0.004375103502733616
141,0.0020863817368486064,-0.0025079969265240365,0.0018847786785167228,-0.0015532058802033275,0.0,-0.00013055862498282354,-0.0028324056391456505,0.006437515485677478,-0.005107677665182137,0.0004184671394865734
142,0.0030657987895926185,-0.0023423531592720883,0.0024743100409405135,-0.0003851691162798245,0.0,0.0,0.0008047838163490858,0.0038327498797198355,0.0004305857436241028,0.0009859528669194746
143,-0.0005054565798081351,-0.0001857945205398766,0.000326586916108807,-0.0011300106848280242,0.0,0.0,0.0013035093513650326,0.001435379690671132,0.0007765517028569893,0.0011998570862127643
144,-0.00038807224740810176,-0.003939898499916969,-0.0009023801985445511,0.0023976764307577355,0.0,0.0,0.001326717667737651,-0.0018198735997925518,0.00032113904857879405,-0.0031874985163910415
145,0.0033215117154314316,-0.0013368665617312276,-3.6066098281615935e-06,2.806133355374001e-05,0.0,-4.958071607143705e-05,0.0006937350457535476,0.003047906192797549,-0.0007491609230454993,-0.001694786429163567
146,-0.00016866232665138604,-0.0016694025291972806,0.0,-0.001589032062782494,0.0,0.0,0.0017134446544874666,-0.0007005944377587502,0.0007042424883074841,0.0018525500913461116
147,-0.0006498343956652873,-0.0007627686214619854,-0.0001888773325843843,0.004462156354881009,0.0,0.0,0.0009221475238570103,0.0035343927131946517,-0.0005678555484154454,-0.004340326440904166
148,-0.0005363578554254571,0.0,0.0,-0.006182926940214805,0.0,0.0,0.0,-0.003315258599844815,0.0,0.005830347225198237
149,0.0029109721755098436,0.0022395665328249215,-0.0010613015049682811,0.004814339180300127,0.0,0.0,0.001404015369605572,-0.0020899057258220465,0.0018982859736920603,-0.003829942981771099
150,-0.0022673344594796923,0.0009674273530800705,0.00244475352876175,-0.0011034676980382408,0.0,0.0,-0.001550846151322466,-0.003103049811819894,0.00022346821565679464,0.0007664687100494554
151,-0.0003832290439909242,-0.0020735970438803433,-0.001063636953999771,0.00498464908344028,0.0,0.0,-0.0009273773736765697,-0.0005629595061020746,0.002961393912287108,-0.0040235308273735134
152,-0.0001711506111505352,0.012344661674260292,-0.0019145785149322623,-0.0006062946422977129,0.0,-0.0013661722348065491,-0.002712734954370802,0.0030473320213969955,0.009252062970291634,-0.001033226487398697
153,0.0004852045354189279,-0.0015046389835575132,0.005304101984247418,0.0036997406180129967,0.0,0.0,-0.0011894034723709042,0.003349968854655108,0.0034472573190014733,-0.0036141653876725147
154,0.002835780060757181,-0.0019375325030310054,0.0029544312087983336,-0.00037999147169694245,0.0,0.003477343470617231,-2.805156999355037e-05,-0.0007885975764872633,0.003908709779822689,-0.0001513348737317826
155,-0.0011022379670415,0.0035779502893950638,0.0029507658877221555,0.004041054553211115,0.0,0.0,-0.00699362070110743,-0.0026973334872926837,-0.0027601578531966766,-0.00377844201283769
156,0.0034406793349403613,0.0007623449572394748,-0.0008430943453640895,-0.005476305429248351,0.0,0.0,0.004765518241076948,0.0015516423213080837,0.0034234023354141638,0.005039871584637596
157,0.000909034224317422,0.007043315724980177,-0.005328450577055815,0.0019274001506612375,0.0,0.0,-0.004943231136313819,-0.0015863848142804965,-0.005861358126823471,-0.0018349446454639863
158,0.0029276435923072416,0.003334344545491779,0.004857949571660067,-0.005124475534701798,0.0,0.0,-0.00341905163112511,0.006124375148884167,-0.004539617865597098,0.0034170419261386805
159,-0.00024198084724648896,-0.003776339198369582,0.0011656779251583373,0.004872065555342656,0.0,0.0,-0.009867341305622408,0.0056669403140006585,-0.002060688045399636,-0.005290005154053141
160,0.003929934939014098,0.00472055416135967,0.007130808226536256,0.007351172968711772,0.0,-0.0014867982893461505,-0.001985386899617247,-0.001759054970464517,0.0032085211172659155,-0.007306710603573231
161,0.0025359206717344303,-0.006251467541875057,-0.004793702230812642,0.00245691700179648,0.0,0.0014816978539116195,0.0004394012586133361,-0.0021387679241525446,0.003395836669769403,-0.0009834757905243777
162,0.0016531260768114229,-0.006143380927687355,0.0033708599552379525,-0.0008064221395913723,0.0,0.0,0.0003242562212555353,-0.007592358782123052,0.0012788998109362088,-5.604918346846944e-05
163,0.0001769101372405551,-0.0065883047008024375,-0.0016310964889808578,-0.002003271780419099,0.0028522764038675205,0.002450011633250495,-0.003819668429844552,0.0014196154340210484,0.001230886486718092,0.004357290132645429
164,-0.0022002425214444144,-0.01114371269597257,0.0024879652603187748,0.004890481001244138,0.0,0.001526276999934642,0.003000121748039061,-0.00465015796824113,-0.0023966410937626614,-0.003933334164407758
165,0.010173806865939718,-0.01110683665922072,0.007782200071242661,-0.011140440141975773,0.0,-0.0019648326526868647,-0.0012337538257455112,0.0050788902908376786,-0.016332267987721676,0.011030868594657035
166,0.005828243811342329,-0.0019641905308697086,-0.0007400143736419962,0.0018663039482265796,0.0,-0.0004641447301848373,-0.0017180143576929659,-0.0049814352317153,0.002470241978960219,-0.002181411079267872
167,-0.009700635545651459,0.0034178806517386967,-0.004135582187217606,9.739205244195211e-06,0.0,-0.0007891073742400306,-0.0027817789462334153,0.005460653999233088,0.007363049984659352,0.0010174253378153416
168,0.002859946430776265,-0.004831633053670295,-0.0030751145754179263,0.0044040548647705235,0.0,0.0,-0.005198664118259088,0.009264499823810269,-0.0040833314109098625,-0.0031556750720928123
169,0.007797778195183655,0.0016919375182718117,0.0005765991427712984,0.004513896699197809,0.0,-0.0006677083356539409,-0.0018718306893204782,0.0018208240158418018,0.0003211098015814423,-0.007451821189791225
170,0.002167231639992437,-0.000653248680762243,-0.0015496788982390934,0.0007977097489159445,0.0,0.0,0.0002326863675220479,-0.002495060013777028,0.0006114912793022249,7.464451570564091e-05
171,-0.005810030049659052,0.005171287429214109,-0.0030819729590446676,-0.0031250097292767464,0.0,0.00023626835537891283,-0.001761202782524475,-0.0021185751074062225,-0.0053875803641358164,0.003047006652389013
172,0.00040062165668328206,0.002093808473613113,-0.0028913021247967685,0.0056569172336513795,0.0,0.0,0.0021845095379444007,1.702789841356438e-05,0.0009531722123102175,-0.004824853153434883
173,-0.0039005244453655624,0.004426733788949438,0.0008157563892640181,0.0024604778657387662,0.0,0.0006423492645382951,-0.003153002447589716,0.005577517455539011,-0.0038979237476924242,-0.002235245707251971
174,-0.0045635117663760565,0.0004952738627711842,-0.0055598968689517785,3.657489977190189e-05,-0.002824936477803627,0.0021235996294711526,0.006094861706862862,-0.006363518444030587,0.003093109268833033,0.0005315284565933936
175,-0.0022264366869713154,-0.006516638630393658,-0.01157334567495076,0.0006871597263611053,0.0,6.046799608703271e-05,-0.003216489317429092,0.007730966146672795,-0.0013589913702783014,0.0009775283026257624
176,0.00594402947636033,-0.011671986656521843,0.005964283494451163,6.1594655634897e-05,0.0,0.004332080840963858,-0.009245266814112715,-0.00036711641958635667,-0.005531339966068054,0.0005371985465916785
177,0.009795526623130586,0.005480664744418037,0.004157003258696545,0.0009657611452183062,0.0,-0.00040423075299400623,-0.0015439687938559549,-0.0008436795713283949,0.0008924897447844583,-0.0014466214819194743
178,-0.0038048789750564646,0.006652517638940575,-0.005442452407587507,0.0060561192371570045,0.0,-0.0018698218139565985,0.008349622145725884,-0.007271455737163261,-0.007593686872640378,0.002923983011404218
179,-0.0003673502532524954,0.0007345233865489662,-0.009290894426479013,-0.0010815731577521102,0.0,0.00259392197423436,0.0019678726196774247,-0.0026868135161938265,0.00020694550925194806,0.0017568836646816826
180,-0.003324177437958684,-0.003272468881148847,-0.0009467737522731923,0.0010625201501079586,0.0,0.0,0.004183959025268311,0.002101927548707622,0.0009962116642375752,-0.00044528620501368114
181,-0.0035934897878296757,-0.0016048863924422749,0.0011741390531691796,0.006358159044028716,0.0,0.0017396254413705819,0.005029446174944784,-0.0025689459225234452,0.0035006981169703197,-0.009142356678712967
182,-0.003391868887578656,-0.0024066572808100197,-0.0025512247203564615,-0.009260776007810546,0.0,-0.0006498696930518293,0.0001260610646699871,0.010420150623116685,-0.000493086431852763,0.009218504226714995
183,0.00216010515252195,0.003076968679811799,0.0040296734407758005,0.00043305148529071543,0.0,0.0,-0.0024779615571133,0.00043882779331111735,-0.0002199954936871238,0.0011335397475692609
184,0.0009353069754102273,-0.0028193766610044293,-0.007168264196931199,-0.0030742647428508314,0.0,-0.0005007605202884145,0.0034671452039768662,-0.0032784976335777506,0.004794174710838491,0.0067756077372028356
185,0.01322787048582273,-0.012112008114444595,0.0007627870012437005,0.004122192434857291,0.0,0.0018307034398172889,0.013098258526997584,0.01811306206438277,0.014620508978305182,-0.006590385306054174
186,0.004480396249748315,-0.005071928553978626,0.0011406218470692816,-0.010266142042024353,0.0,0.0006197206702415467,0.00025264626200324487,-0.006038705266739991,-0.006357325589843452,0.011133300894971498
187,-0.00025796528233283477,-0.0012596943142183104,-0.014434526422287586,-0.00026211629624568923,0.0,-0.0027166285188821534,0.011543442035395056,-0.026736678035270873,-0.001618468360409691,0.0012006264677428221
188,0.0015854300564778008,-0.0010269313904611404,0.0027730672165614477,-0.0015077914291043906,0.0,0.0018218622089288942,-0.0028343360399299177,-0.0020349205950604163,-0.000784560273517304,0.0003713848637697299
189,-0.0028415238447117848,0.0012189606760242813,-0.0019697521656170517,-0.0006791061911115775,0.0,0.0004010819313156519,0.0023813401711010253,-0.0014766418693571406,-0.00014775423829136282,-0.0027306706154603187
190,0.0016007643241128353,-0.003645538570148131,0.0007927345491730835,0.0032943112634451605,0.0,0.003364240664533415,0.0011335439689915314,0.007416203430053264,0.004231519984315354,-0.001985904271488137
191,0.0038949281129913578,-0.0038914417176429818,0.003329591622297304,-0.0010320887559668154,-0.00471623114034612,0.0025859867851228944,0.0033265524599202603,0.0008217019632068046,-0.005345999618121161,0.0003480855484956463
192,-0.0028209913785613564,0.003940530737959996,-0.0018560915482974288,-0.0013753469113261215,0.0012918382078361786,-1.3537516831305742e-05,0.0025539284671757803,-0.003243601187305316,0.0015118169715664376,0.0005882610869675375
193,0.00011550983662608294,0.0007362356327544022,0.0002633253993335342,0.004399302519142254,0.0,0.0,0.000354442682480265,-0.005717715543275411,-3.765859269205869e-05,-0.003109026551480358
194,0.0016848635439987302,0.0013683747750373907,0.0002883909520399061,-0.0014594762188409596,0.0,-0.00095225400951913,-0.004397357073765829,0.0058863244492670785,-0.00011070133526668858,0.0018866196267793341
195,-0.005143814726859663,0.001556061142912699,-0.0014457710592866,-0.013458141844450851,0.0,0.0,-0.004073158487975758,0.005661658664411996,0.0012376557621961602,0.012956587446866995
196,-0.008261246969253837,0.0012914615539803556,-0.005328838760070332,-0.0053731434634647435,0.0,0.0,-0.0016778818075204624,-0.0013416168547578796,0.0016632318753467535,0.0019120630969978504
197,0.00020596158419586947,0.0037809797513613376,-0.006579102460145661,0.0018983817951941473,0.0,0.0,0.003348042197207276,-0.0013296361740508878,0.009161011592813306,-0.0012745265836834406
198,0.004930641613274367,0.0007562916532232813,0.0,-0.0010507362373672875,0.0,0.0,0.00046281623904804217,-0.00321893856977813,0.0005643268130306265,0.00038607784924104475
199,0.009561188748351336,-0.005521985188918528,0.00471877314719322,0.004476968873460411,0.0,0.0,-0.0003181251172597006,0.0035849984720366826,0.005906909506510756,-0.004251036214687162
200,0.0029912173039549727,0.00036751880312575216,0.0017312437961496114,0.006726922032804745,0.0,-0.0005358930853683881,0.000446965994107056,0.004275477927150219,0.0022488861711282065,-0.005538156806349981
201,-0.00029930822889115405,0.002101820152828306,0.001311568467690502,0.008394555901263744,0.0,-0.00038200692039335295,0.0030453000310814307,0.0015895299858932099,0.0016787023164641086,-0.008869442148997092
202,0.0012556809103875441,0.006967210872207498,0.0017458270332934758,-0.003285649786352506,0.0,0.0,-0.006111317642353747,-0.002215905392696573,-0.007103824836144719,0.005088549920757606
203,0.002368072960761367,0.0016572151886688556,-0.001473135740333933,-0.0039414170204954534,-0.0002213506863410448,0.0,0.0005051660520223961,-0.0023891160314518252,9.343688722202322e-05,0.002962101838519817
204,0.00798986728855109,0.0005268962557700191,-0.0003939753310507097,-0.005586365993295053,-0.0003505485822930468,0.0,0.0003327029137405418,0.0047516029129035745,-0.00015370039547802543,0.005958421083249704
205,0.000570455509060975,-0.0009889275175857014,0.0010798739405526816,0.0006804387947049516,0.0,0.0,-0.0004218767288900068,5.226410243689187e-05,0.0007067758435805932,-0.0011872187542413763
206,-0.0016704057161386757,-0.0013992089744647989,0.0010916684816812236,0.0027696942132734914,0.0,0.0,0.001198558227943886,-0.0007506883251650838,-0.0008468868067835018,-0.0019737793624782737
207,-0.002140534990087794,0.00488091317818826,0.00128754868578697,-0.0020798442459813754,0.0,0.0,0.004795417015934238,-0.0023501278501505346,0.004680742798020843,0.0020612750280975664
208,0.0017456728094614566,-0.0020038116317401045,-0.0016350782269282144,-0.0032147355187555756,0.00026179131347328166,0.0,-0.0014748207716370788,0.0038185744061789064,-0.0025538284926456467,0.0037194326881233473
209,-0.0023018637653529897,0.0,0.0,0.0012489956239506279,0.0,0.0,0.0,0.0018908101827655316,0.0,-0.0014344133063910938
210,0.0007379544226256162,0.0005172855362084671,-0.0006055858087941946,-0.00034177971335593233,0.0,0.0,0.0021758059745352097,-0.0007172692415832446,0.0014491913169786225,0.0005840573929642549
211,0.005739477628352554,-0.0005401843728541626,0.0004541775247154246,0.004936312334331739,0.0,0.0,0.0009920001005483251,0.004320182228144663,0.0020957511918095724,-0.00494778767240127
212,0.005017811066277605,0.0,0.0,-0.004540996393190956,0.0,0.0,0.0,0.005383419940716655,0.0,0.005600491601213245
213,0.0026442742207523394,-0.0006745679221859109,0.0007217767312942547,0.003062438976195233,0.0,0.0,-0.00045908698815704516,0.0028936551146679207,0.0014912632159476823,-0.002353741334066544
214,0.001679410252005617,0.0004883096365398046,-0.0029491235988643684,0.010697456130224409,0.0,0.0,0.0001747108980317206,0.005322860148127922,0.003486171052906864,-0.008299508419192752
215,0.01350127740980963,0.0045057600224988545,0.0011271151712257438,-0.0015417808506514392,0.0028326210083181817,0.004703208514276316,0.006319427949206001,0.006464471359119763,-0.00013957726308269066,0.0022818662598812233
216,0.002133297480177618,0.013003720245718607,-0.005718465899062406,-0.0020494415652806772,0.0,-0.00011447989147231791,0.00982591117272865,0.004369997659559256,-0.010358825070449109,0.0032018381316036805
217,-0.006078551487455248,0.0026859329979544164,-0.0008766661043024747,0.004848766613066785,0.0,-0.0004089541486477944,-0.0007749232655387044,0.006379931086303152,-0.001347901301947182,-0.004907209612246697
218,-0.003180036596265838,0.0006356473653585022,0.002072328093030145,0.0036028351335442386,0.0,0.0011834092345319547,0.0007371916085067995,0.0021055098842082793,0.0009616024147383599,-0.0035594512191010654
219,-0.006026165425683282,0.005021200894080283,0.0010726222265990612,-0.0009821266635311164,0.0006534263080523079,0.0,-0.006027970121464538,-0.004959766960259161,0.005717008718765153,0.0004095529749618899
220,0.0031392742541773246,0.004136298312117237,-0.00396386974214206,-0.003601886161403868,0.0,0.0,0.00032525548202954333,0.0007121896997273463,-0.0008360130302249658,0.003223206327365206
221,-0.0018265957551620434,0.0009419922996094079,0.0004925954851545516,0.007619873468061339,0.0,0.0,0.0008021464255811674,0.0010649823035488648,-0.0012159638518536176,-0.007437436890304501
222,-0.0009331573358409609,-0.0007672534365784266,-0.0007071019619618078,0.005900402803474626,0.0,0.0,0.0015525059131571066,0.00021115747210862868,0.001363461351239274,-0.0057809327412037025
223,0.0007119026424674488,0.00030204223315022686,7.30661347602031e-06,-0.0018093390659114652,0.0,0.0,-0.0029686771463260384,0.005424986603928275,0.0003077652665264632,0.001438396719819541
224,-0.0027053395947280756,0.0005285709104709956,0.0005435418658320735,-0.002188990343621727,0.0,0.002267732651257538,-0.004509652471159054,-0.003633214894872859,-0.0015690173663006402,0.0011085914203593037
225,0.0010229277615005116,-0.0034249691343370184,-0.0022297945039584975,-0.0025773555789174504,0.0,0.0,-0.006293163206455987,0.0013549436817866893,-0.0014422986806159558,0.0022969591973363112
226,-0.0022509197714439995,-0.0012836038318981328,0.0015543854684131645,0.0022213410104186303,0.0,5.861611278728703e-05,-0.0012038412543281672,-0.0034335314073705462,0.0007633825662007635,-0.0020982515772983773
227,0.0046779149451691565,-4.313242620791759e-05,-0.0001768640684646287,0.0007330721900202367,0.0,-0.0003935664844950214,0.00017962106935669897,0.0033222369348420906,0.0002923476674392534,-0.0007094189946207708
228,-0.0003513418968707242,0.0037919775521764,-0.0014390190258589722,-0.002966799641290604,0.0,0.0,0.00227325243342057,0.002048586565399038,-0.004227911477846398,0.0021864517045770597
229,0.003989064302829543,-0.0009710804087978205,0.0012343064590441932,0.006251782362892148,0.0,-0.00021554714734394704,-0.001298224904104322,0.0017950664021284765,0.0007500801569319476,-0.006007698659825247
230,-0.0032186303046464566,8.576749817043247e-06,0.00019775355118342424,-0.0001245882838346934,0.0,0.0,4.287336433170231e-06,-0.0037900887581853084,6.261424385291584e-06,-5.8501194505355264e-05
231,-0.00943547738124562,0.0005561027672392437,-0.000789797647335237,-0.00226654043184395,0.0,0.0,-0.00032419783999021196,-0.0027657461198055057,-0.0004985412017006977,0.002535990549076761
232,-0.0031230656661096904,-0.0009071832615251401,-6.351058645669128e-05,-0.0027825957576797507,0.0,-5.226289907480638e-05,0.0014831720865943936,-0.0028082717776883124,0.0018303504613077731,0.0015356655344712278
233,0.0017063460683968158,-0.0019685381525270116,-0.0033558552358961295,-0.003906773899955312,0.0,-0.00012085513004887727,0.009484387276938146,-0.00014887377580342361,0.006319623433548447,0.0048930579685741065
234,-0.0026374917873851385,-0.002995275123781861,0.005657703065409328,-0.0047027501169349725,0.0,0.0,-0.00298444620396536,0.0006666638166810863,-0.0049007955091860105,0.00252052795174865
235,0.00830876324840476,0.0013938769094500754,-0.0004943345085725523,-0.0023236226539436328,0.0,-6.401473847123676e-05,-0.0011620901998815906,-0.00010298341069630654,-0.0035628638063079617,0.001927128931933674
236,0.0022314056224296856,-0.0017699772046877833,0.0017477536145661136,-0.0031341784060108582,0.0,0.0,-0.0025659272126645405,0.0021885073129460243,-0.0015521130567714243,0.0029693667542448655
237,-0.0001371021089446774,-5.9841367643089e-05,-0.00038779382700900955,-0.0028815419772988764,0.0,3.4841603912320536e-05,0.0002900233762797756,0.00811134465526519,-0.0015438305298340403,0.003145495538753643
238,-5.593671864891444e-05,-0.0037530564645954782,0.0005283780628309032,5.916096726258875e-05,0.0,0.0007018924614572203,-0.0018018419531634793,-0.004384942280422347,0.002818515695844287,-0.0005459056429463317
239,0.0028960695738916888,0.0015475004641667854,0.0010125880099494337,-0.0013604526297260266,0.0,5.8313305664884024e-05,-0.005522695986965356,-0.005296828399897778,0.0024427082752573968,0.001958253278169626
240,0.005318623220471473,-0.005962240642291927,-0.0009149001651629279,-0.0012300788025418035,0.0,-0.0019478889316212598,0.0016096964489042845,0.005480526833967045,-0.007079936242353624,0.002114865610715773
241,0.003533329092740679,-0.00023894237485288746,0.0029832651769839385,0.0010161339998081766,0.0002984456476461246,-0.00022527161172997438,0.0020616792979464586,-0.00029729412876078933,-0.0011961677100314635,-0.0006165144599268124
242,-0.00033678543767509737,0.0043682843004202955,-0.004568159834110047,0.0012637800982790868,0.0,0.00015385286797532224,-0.00020318986089641318,0.003318002133997598,0.0006396185504598491,-0.0011985607029677805
243,0.0032502802386172322,0.002815432521451657,-0.0034115522219469708,0.0008649717052977631,0.0,0.00047224101314532454,-0.000789424027556824,0.0006596684411431411,-0.0029311638692224307,-0.0006673604959383446
244,-0.0020899124337625165,0.001143573733266758,0.0022661310766512372,-0.003739440522114713,0.0,-0.0003865789031786475,-0.0008429529659808206,-0.0020494565936565986,-0.00016580410341256969,0.00372109763104253
245,0.0041495174749632486,0.0017711151048194328,-0.0011060072350276308,-0.006498869548191861,0.0030896907573544083,-0.002098094048547418,-0.0010137471300312028,-0.00013848184840362972,0.0008976114849354895,0.005437171564467679
246,-0.0009218722202186552,-0.0006162140035209596,-0.0010355108048608036,-0.0006320770519776233,0.0,-0.0007535918561119208,0.001263780750298551,-0.001133770519712297,-0.004117319354611948,0.001858803101728099
247,-0.008594160282558935,0.0021645013290020367,-0.0010744314293429015,-0.0019810532824093233,0.0,-0.0009049217985695615,-0.0013874956433505212,-0.011146615661162275,-0.0012106780482803987,0.002328434970589594
248,0.0048694631775101525,0.00542715513073945,0.0014839418903351744,-0.000849370652414386,0.0,-0.003410186254818994,0.0020645572058320587,0.0030054629107617867,0.007707151288031397,0.00016126626224587624
249,-0.001706466208061101,0.007734595505220594,-0.007395588413595162,-0.003264646398339652,0.0,-0.0095328223140162,0.002320341965739908,-0.005028540333817804,0.015483984141256403,0.005314775077857901
250,-0.0001407896488662422,0.001167230084373125,-0.0015748637382175966,0.008935669114419596,0.0,4.132457191078131e-05,0.003235508067966776,0.007075155029524562,0.004607191004122849,-0.009214234540135485
251,-0.00467880343791651,0.00196268145712194,0.006166668082950299,-0.004977767634561484,0.0,-0.0034218836911349523,0.002348854763184245,-0.02249364768883297,0.009040660598757532,0.005286528106885157
252,0.004843313390930239,0.0006962585545333549,0.006865066226775473,0.006558405069027094,0.0,-0.0029938261864226635,-0.0057759214869967405,0.0011989646538432546,-0.004238909997678676,-0.0052189648094211035
253,0.00013177781656181406,0.002353838889538933,0.0027390845016904597,-0.009692120839268575,0.0008341551263805031,0.00034930919937796456,0.002350661500984199,0.007657274206206073,-0.0005260437347385161,0.01127398993001237
254,-0.0016354539211649568,0.0061278122503433275,-0.006822925865389334,0.0023317507581452185,0.0,0.0026116950629467184,-0.0002557705467243783,-0.0012444429040497397,0.0025447682020226887,-0.0008957448849465978
255,0.0002445574494415842,-0.0062379303626353515,-0.0011758954599805553,0.0018751760171676322,0.0,0.0024930941653449846,-0.0025588516027531026,0.014552295341962012,0.005298072752502347,-0.0008446450310852871
256,-0.0008858430775588756,-0.006368350360039356,0.005229649914156173,-0.0018730583944735063,-0.004465080343505835,0.0002950426130583753,0.004531185906215352,0.0008501123938575482,-0.00650175278812175,0.0025505968967151128
257,-0.007273742694022764,-0.0025125756365708173,-0.0012275274517188634,0.00622744094201667,0.0,-0.0004787795305411632,0.0016326992009610649,-0.0010893378576460541,0.0005004724868893128,-0.006583261749117886
258,0.0048139038761815444,0.000843498192379252,0.0004468317576955075,-0.0037835567655486436,0.0,-0.0018758046934852844,0.00873142423027191,0.0025111745192084724,0.004149916919430691,0.000721730522337068
259,0.0014585072436475565,0.009361375797352148,0.0007161727869725216,-0.003586306120811385,0.0,-0.0073116674791447915,0.0099133835006189,0.005081952806787929,0.011492158911453196,0.0028565115408447058
260,-0.0005934698504313267,0.009355657219428886,-0.005611465807058449,0.0032851372417423137,0.00016553738028140332,0.0015694939994124137,-0.008019046181900922,0.00028308320138214664,-0.0016536091210110008,-0.0038943962117947975
261,0.0030617300264898298,-0.004772907577638172,0.003569941880322884,0.003956618863648031,-0.0005080257416867418,0.002835074453116891,-0.0004970184068448123,-0.004657801653697756,-0.003293780380436848,-0.003663659686738106
262,0.0005880103754949007,-0.01190936566785725,0.010327015506944932,-0.003948180166093833,0.0,-0.011799984405321822,0.0014640627983791394,0.0034915629122892096,-0.0062960028525482605,0.00462399167514563
263,-0.00414588937273299,0.004488592773021615,-0.004700128397414382,-0.0019015805327904506,0.0,0.00018856641127080044,0.004277656598375537,0.00233121529360779,0.012574515010979385,-0.00198425640916392
264,-0.0020991306696642033,-0.006134426739481319,-0.015253737848227039,-0.010815687460069659,0.0,-0.007297559128431186,0.01568025396491835,0.008868610319743356,0.005259821050826428,0.015500039764174444
265,-0.000567910131783914,-0.006204229171430117,0.0006006652857032206,0.013821725365186305,0.0,0.0022792411085691853,-0.0012215280143810163,0.0006239016160434319,-0.015171266590525204,-0.013885095944458777
266,-0.0015432080419088632,-0.003368131947763091,0.012179058852961928,-0.0034372341609923748,0.0,-0.009991579180637158,-0.0025632457963957363,0.004562050624785608,-0.00797793461812696,0.0006800494920809242
267,0.005413029298266515,0.002264643528987034,-0.007915427066848009,-0.01684134933556919,0.0,0.0045629339557563655,0.009116164049729265,-0.0014550901291684162,-0.013692003421368839,0.0178832606050344
268,0.00980460654805332,-0.008616471348051593,0.004318504601846641,-0.01216584743183426,0.0,-0.0009822480911129785,-0.008973907945608341,0.019570906632952717,0.011630540936505153,0.00859331195139385
269,-0.0005291917487884195,-0.00286498645306132,0.0028839354737236395,0.002013614370510797,0.0,-0.000564483232154426,0.005738968568458512,-1.095997140001132e-05,0.0008212363247566512,-0.002930362423468333
270,0.004187885658595238,0.00156939995913475,0.00035203887951047676,-0.0035807831127213727,0.0,0.0008659245373445002,-0.002652031853590276,0.0046896683710229104,0.004840504275965426,0.002387957465369749
271,-0.0015597971336814421,0.0010637828922960637,0.0006782342840191938,-0.0008085624510045188,0.0,0.00025477898070334215,0.0007925443676091953,-0.003843326162051038,-0.0028824943804347017,0.002438251794530794
272,-0.0008470428595943766,-0.004223829915984926,-0.002574462339331551,0.00491016889263643,0.0,-0.00039869553882767423,0.004833778368559446,-0.0030247882874862636,-0.0053750359532400436,-0.004155907665426127
273,0.0060417840168279675,-0.007894375593697513,0.003710273392943243,0.004074743614944842,0.0,0.0002946321541513737,0.005265320645704552,0.015811930272648073,0.005478403597481744,-0.0030208094493959638
274,0.0038514541468134627,-0.004420405996294216,0.0010824576032462806,-0.004850660705208527,0.0,0.0020437004742215785,-0.0003957269795018974,0.00272872955932988,0.007828820025987577,0.003877092489112358
275,0.003981784592842352,-0.0004946009556716825,-0.003373610912416313,0.0021483256115795157,0.0,0.0022270939425217723,-0.0002512917837393467,0.0006506226239561206,-0.002244513266421558,-0.0016283569425065458
276,0.0006069495947492767,0.0025254290700857805,0.0003551085633843726,0.0012250768051755095,0.0,-0.001794735711979811,-0.0018573115194056645,-0.0015636507108936696,0.0005177127571529298,-0.0012875616184222618
